1,Agent1,1
1,Agent2,0
2,Agent1,1
2,Agent2,0
3,Agent1,1
3,Agent2,0
4,Agent1,1
4,Agent2,0
5,Agent1,1
5,Agent2,0
6,Agent1,1
6,Agent2,0
7,Agent1,1
7,Agent2,0
8,Agent1,1
8,Agent2,0
9,Agent1,1
9,Agent2,0
10,Agent1,1
10,Agent2,0
11,Agent1,1
11,Agent2,0
12,Agent1,1
12,Agent2,0
13,Agent1,1
13,Agent2,0
14,Agent1,1
14,Agent2,0
15,Agent1,1
15,Agent2,0
16,Agent1,1
16,Agent2,0
17,Agent1,1
17,Agent2,0
18,Agent1,1
18,Agent2,0
19,Agent1,1
19,Agent2,0
20,Agent1,1
20,Agent2,0
21,Agent1,1
21,Agent2,0
22,Agent1,1
22,Agent2,0
23,Agent1,1
23,Agent2,0
24,Agent1,1
24,Agent2,0
25,Agent1,1
25,Agent2,0
26,Agent1,1
26,Agent2,0
27,Agent1,1
27,Agent2,0
28,Agent1,1
28,Agent2,0
29,Agent1,1
29,Agent2,0
30,Agent1,1
30,Agent2,0
31,Agent1,1
31,Agent2,0
32,Agent1,1
32,Agent2,0
33,Agent1,1
33,Agent2,0
34,Agent1,1
34,Agent2,0
35,Agent1,1
35,Agent2,0
36,Agent1,1
36,Agent2,0
37,Agent1,1
37,Agent2,0
38,Agent1,1
38,Agent2,0
39,Agent1,1
39,Agent2,0
40,Agent1,1
40,Agent2,0
41,Agent1,1
41,Agent2,0
42,Agent1,1
42,Agent2,0
43,Agent1,1
43,Agent2,0
44,Agent1,1
44,Agent2,0
45,Agent1,1
45,Agent2,0
46,Agent1,1
46,Agent2,0
47,Agent1,1
47,Agent2,0
48,Agent1,1
48,Agent2,0
49,Agent1,1
49,Agent2,0
50,Agent1,1
50,Agent2,0
51,Agent1,1
51,Agent2,0
52,Agent1,1
52,Agent2,0
53,Agent1,1
53,Agent2,0
54,Agent1,1
54,Agent2,0
55,Agent1,1
55,Agent2,0
56,Agent1,1
56,Agent2,0
57,Agent1,1
57,Agent2,0
58,Agent1,1
58,Agent2,0
59,Agent1,1
59,Agent2,0
60,Agent1,1
60,Agent2,0
61,Agent1,1
61,Agent2,0
62,Agent1,1
62,Agent2,0
63,Agent1,1
63,Agent2,0
64,Agent1,1
64,Agent2,0
65,Agent1,1
65,Agent2,0
66,Agent1,1
66,Agent2,0
67,Agent1,1
67,Agent2,0
68,Agent1,1
68,Agent2,0
69,Agent1,1
69,Agent2,0
70,Agent1,1
70,Agent2,0
71,Agent1,1
71,Agent2,0
72,Agent1,1
72,Agent2,0
73,Agent1,1
73,Agent2,0
74,Agent1,1
74,Agent2,0
75,Agent1,1
75,Agent2,0
76,Agent1,1
76,Agent2,0
77,Agent1,1
77,Agent2,0
78,Agent1,1
78,Agent2,0
79,Agent1,1
79,Agent2,0
80,Agent1,1
80,Agent2,0
81,Agent1,1
81,Agent2,0
82,Agent1,1
82,Agent2,0
83,Agent1,1
83,Agent2,0
84,Agent1,1
84,Agent2,0
85,Agent1,1
85,Agent2,0
86,Agent1,1
86,Agent2,0
87,Agent1,1
87,Agent2,0
88,Agent1,1
88,Agent2,0
89,Agent1,1
89,Agent2,0
90,Agent1,1
90,Agent2,0
91,Agent1,1
91,Agent2,0
92,Agent1,1
92,Agent2,0
93,Agent1,1
93,Agent2,0
94,Agent1,1
94,Agent2,0
95,Agent1,1
95,Agent2,0
96,Agent1,1
96,Agent2,0
97,Agent1,1
97,Agent2,0
98,Agent1,1
98,Agent2,0
99,Agent1,1
99,Agent2,0
100,Agent1,1
100,Agent2,0
101,Agent1,1
101,Agent2,0
102,Agent1,1
102,Agent2,0
103,Agent1,1
103,Agent2,0
104,Agent1,1
104,Agent2,0
105,Agent1,1
105,Agent2,0
106,Agent1,1
106,Agent2,0
107,Agent1,1
107,Agent2,0
108,Agent1,1
108,Agent2,0
109,Agent1,1
109,Agent2,0
110,Agent1,1
110,Agent2,0
111,Agent1,1
111,Agent2,0
112,Agent1,1
112,Agent2,0
113,Agent1,1
113,Agent2,0
114,Agent1,1
114,Agent2,0
115,Agent1,1
115,Agent2,0
116,Agent1,1
116,Agent2,0
117,Agent1,1
117,Agent2,0
118,Agent1,1
118,Agent2,0
119,Agent1,1
119,Agent2,0
120,Agent1,1
120,Agent2,0
121,Agent1,1
121,Agent2,0
122,Agent1,1
122,Agent2,0
123,Agent1,1
123,Agent2,0
124,Agent1,1
124,Agent2,0
125,Agent1,1
125,Agent2,0
126,Agent1,1
126,Agent2,0
127,Agent1,1
127,Agent2,0
128,Agent1,1
128,Agent2,0
129,Agent1,1
129,Agent2,0
130,Agent1,1
130,Agent2,0
131,Agent1,1
131,Agent2,0
132,Agent1,1
132,Agent2,0
133,Agent1,1
133,Agent2,0
134,Agent1,1
134,Agent2,0
135,Agent1,1
135,Agent2,0
136,Agent1,1
136,Agent2,0
137,Agent1,1
137,Agent2,0
138,Agent1,1
138,Agent2,0
139,Agent1,1
139,Agent2,0
140,Agent1,1
140,Agent2,0
141,Agent1,1
141,Agent2,0
142,Agent1,1
142,Agent2,0
143,Agent1,1
143,Agent2,0
144,Agent1,1
144,Agent2,0
145,Agent1,1
145,Agent2,0
146,Agent1,1
146,Agent2,0
147,Agent1,1
147,Agent2,0
148,Agent1,1
148,Agent2,0
149,Agent1,1
149,Agent2,0
150,Agent1,1
150,Agent2,0
151,Agent1,1
151,Agent2,0
152,Agent1,1
152,Agent2,0
153,Agent1,1
153,Agent2,0
154,Agent1,1
154,Agent2,0
155,Agent1,1
155,Agent2,0
156,Agent1,1
156,Agent2,0
157,Agent1,1
157,Agent2,0
158,Agent1,1
158,Agent2,0
159,Agent1,1
159,Agent2,0
160,Agent1,1
160,Agent2,0
161,Agent1,1
161,Agent2,0
162,Agent1,1
162,Agent2,0
163,Agent1,1
163,Agent2,0
164,Agent1,1
164,Agent2,0
165,Agent1,1
165,Agent2,0
166,Agent1,1
166,Agent2,0
167,Agent1,1
167,Agent2,0
168,Agent1,1
168,Agent2,0
169,Agent1,1
169,Agent2,0
170,Agent1,1
170,Agent2,0
171,Agent1,1
171,Agent2,0
172,Agent1,1
172,Agent2,0
173,Agent1,1
173,Agent2,0
174,Agent1,1
174,Agent2,0
175,Agent1,1
175,Agent2,0
176,Agent1,1
176,Agent2,0
177,Agent1,1
177,Agent2,0
178,Agent1,1
178,Agent2,0
179,Agent1,1
179,Agent2,0
180,Agent1,1
180,Agent2,0
181,Agent1,1
181,Agent2,0
182,Agent1,1
182,Agent2,0
183,Agent1,1
183,Agent2,0
184,Agent1,1
184,Agent2,0
185,Agent1,1
185,Agent2,0
186,Agent1,1
186,Agent2,0
187,Agent1,1
187,Agent2,0
188,Agent1,1
188,Agent2,0
189,Agent1,1
189,Agent2,0
190,Agent1,1
190,Agent2,0
191,Agent1,1
191,Agent2,0
192,Agent1,1
192,Agent2,0
193,Agent1,1
193,Agent2,0
194,Agent1,1
194,Agent2,0
195,Agent1,1
195,Agent2,0
196,Agent1,1
196,Agent2,0
197,Agent1,1
197,Agent2,0
198,Agent1,1
198,Agent2,0
199,Agent1,1
199,Agent2,0
200,Agent1,1
200,Agent2,0
201,Agent1,1
201,Agent2,0
202,Agent1,1
202,Agent2,0
203,Agent1,1
203,Agent2,0
204,Agent1,1
204,Agent2,0
205,Agent1,1
205,Agent2,0
206,Agent1,1
206,Agent2,0
207,Agent1,1
207,Agent2,0
208,Agent1,1
208,Agent2,0
209,Agent1,1
209,Agent2,0
210,Agent1,1
210,Agent2,0
211,Agent1,1
211,Agent2,0
212,Agent1,1
212,Agent2,0
213,Agent1,1
213,Agent2,0
214,Agent1,1
214,Agent2,0
215,Agent1,1
215,Agent2,0
216,Agent1,1
216,Agent2,0
217,Agent1,1
217,Agent2,0
218,Agent1,1
218,Agent2,0
219,Agent1,1
219,Agent2,0
220,Agent1,1
220,Agent2,0
221,Agent1,1
221,Agent2,0
222,Agent1,1
222,Agent2,0
223,Agent1,1
223,Agent2,0
224,Agent1,1
224,Agent2,0
225,Agent1,1
225,Agent2,0
226,Agent1,1
226,Agent2,0
227,Agent1,1
227,Agent2,0
228,Agent1,1
228,Agent2,0
229,Agent1,1
229,Agent2,0
230,Agent1,1
230,Agent2,0
231,Agent1,1
231,Agent2,0
232,Agent1,1
232,Agent2,0
233,Agent1,1
233,Agent2,0
234,Agent1,1
234,Agent2,0
235,Agent1,1
235,Agent2,0
236,Agent1,1
236,Agent2,0
237,Agent1,1
237,Agent2,0
238,Agent1,1
238,Agent2,0
239,Agent1,1
239,Agent2,0
240,Agent1,1
240,Agent2,0
241,Agent1,1
241,Agent2,0
242,Agent1,1
242,Agent2,0
243,Agent1,1
243,Agent2,0
244,Agent1,1
244,Agent2,0
245,Agent1,1
245,Agent2,0
246,Agent1,1
246,Agent2,0
247,Agent1,1
247,Agent2,0
248,Agent1,1
248,Agent2,0
249,Agent1,1
249,Agent2,0
250,Agent1,1
250,Agent2,0
251,Agent1,1
251,Agent2,0
252,Agent1,1
252,Agent2,0
253,Agent1,1
253,Agent2,0
254,Agent1,1
254,Agent2,0
255,Agent1,1
255,Agent2,0
256,Agent1,1
256,Agent2,0
257,Agent1,1
257,Agent2,0
258,Agent1,1
258,Agent2,0
259,Agent1,1
259,Agent2,0
260,Agent1,1
260,Agent2,0
261,Agent1,1
261,Agent2,0
262,Agent1,1
262,Agent2,0
263,Agent1,1
263,Agent2,0
264,Agent1,1
264,Agent2,0
265,Agent1,1
265,Agent2,0
266,Agent1,1
266,Agent2,0
267,Agent1,1
267,Agent2,0
268,Agent1,1
268,Agent2,0
269,Agent1,1
269,Agent2,0
270,Agent1,1
270,Agent2,0
271,Agent1,1
271,Agent2,0
272,Agent1,1
272,Agent2,0
273,Agent1,1
273,Agent2,0
274,Agent1,1
274,Agent2,0
275,Agent1,1
275,Agent2,0
276,Agent1,1
276,Agent2,0
277,Agent1,1
277,Agent2,0
278,Agent1,1
278,Agent2,0
279,Agent1,1
279,Agent2,0
280,Agent1,1
280,Agent2,0
281,Agent1,1
281,Agent2,0
282,Agent1,1
282,Agent2,0
283,Agent1,1
283,Agent2,0
284,Agent1,1
284,Agent2,0
285,Agent1,1
285,Agent2,0
286,Agent1,1
286,Agent2,0
287,Agent1,1
287,Agent2,0
288,Agent1,1
288,Agent2,0
289,Agent1,1
289,Agent2,0
290,Agent1,1
290,Agent2,0
291,Agent1,1
291,Agent2,0
292,Agent1,1
292,Agent2,0
293,Agent1,1
293,Agent2,0
294,Agent1,1
294,Agent2,0
295,Agent1,1
295,Agent2,0
296,Agent1,1
296,Agent2,0
297,Agent1,1
297,Agent2,0
298,Agent1,1
298,Agent2,0
299,Agent1,1
299,Agent2,0
300,Agent1,1
300,Agent2,0
301,Agent1,1
301,Agent2,0
302,Agent1,1
302,Agent2,0
303,Agent1,1
303,Agent2,0
304,Agent1,1
304,Agent2,0
305,Agent1,1
305,Agent2,0
306,Agent1,1
306,Agent2,0
307,Agent1,1
307,Agent2,0
308,Agent1,1
308,Agent2,0
309,Agent1,1
309,Agent2,0
310,Agent1,1
310,Agent2,0
311,Agent1,1
311,Agent2,0
312,Agent1,1
312,Agent2,0
313,Agent1,1
313,Agent2,0
314,Agent1,1
314,Agent2,0
315,Agent1,1
315,Agent2,0
316,Agent1,1
316,Agent2,0
317,Agent1,1
317,Agent2,0
318,Agent1,1
318,Agent2,0
319,Agent1,1
319,Agent2,0
320,Agent1,1
320,Agent2,0
321,Agent1,1
321,Agent2,0
322,Agent1,1
322,Agent2,0
323,Agent1,1
323,Agent2,0
324,Agent1,1
324,Agent2,0
325,Agent1,1
325,Agent2,0
326,Agent1,1
326,Agent2,0
327,Agent1,1
327,Agent2,0
328,Agent1,1
328,Agent2,0
329,Agent1,1
329,Agent2,0
330,Agent1,1
330,Agent2,0
331,Agent1,1
331,Agent2,0
332,Agent1,1
332,Agent2,0
333,Agent1,1
333,Agent2,0
334,Agent2,1
334,Agent1,0
335,Agent2,1
335,Agent1,0
336,Agent2,1
336,Agent1,0
337,Agent2,1
337,Agent1,0
338,Agent2,1
338,Agent1,0
339,Agent2,1
339,Agent1,0
340,Agent2,1
340,Agent1,0
341,Agent2,1
341,Agent1,0
342,Agent2,1
342,Agent1,0
343,Agent2,1
343,Agent1,0
344,Agent2,1
344,Agent1,0
345,Agent2,1
345,Agent1,0
346,Agent2,1
346,Agent1,0
347,Agent2,1
347,Agent1,0
348,Agent2,1
348,Agent1,0
349,Agent2,1
349,Agent1,0
350,Agent2,1
350,Agent1,0
351,Agent2,1
351,Agent1,0
352,Agent2,1
352,Agent1,0
353,Agent2,1
353,Agent1,0
354,Agent2,1
354,Agent1,0
355,Agent2,1
355,Agent1,0
356,Agent2,1
356,Agent1,0
357,Agent2,1
357,Agent1,0
358,Agent2,1
358,Agent1,0
359,Agent2,1
359,Agent1,0
360,Agent2,1
360,Agent1,0
361,Agent2,1
361,Agent1,0
362,Agent2,1
362,Agent1,0
363,Agent2,1
363,Agent1,0
364,Agent2,1
364,Agent1,0
365,Agent2,1
365,Agent1,0
366,Agent2,1
366,Agent1,0
367,Agent2,1
367,Agent1,0
368,Agent2,1
368,Agent1,0
369,Agent2,1
369,Agent1,0
370,Agent2,1
370,Agent1,0
371,Agent2,1
371,Agent1,0
372,Agent2,1
372,Agent1,0
373,Agent2,1
373,Agent1,0
374,Agent2,1
374,Agent1,0
375,Agent2,1
375,Agent1,0
376,Agent2,1
376,Agent1,0
377,Agent2,1
377,Agent1,0
378,Agent2,1
378,Agent1,0
379,Agent2,1
379,Agent1,0
380,Agent2,1
380,Agent1,0
381,Agent2,1
381,Agent1,0
382,Agent2,1
382,Agent1,0
383,Agent2,1
383,Agent1,0
384,Agent2,1
384,Agent1,0
385,Agent2,1
385,Agent1,0
386,Agent2,1
386,Agent1,0
387,Agent2,1
387,Agent1,0
388,Agent2,1
388,Agent1,0
389,Agent2,1
389,Agent1,0
390,Agent2,1
390,Agent1,0
391,Agent2,1
391,Agent1,0
392,Agent2,1
392,Agent1,0
393,Agent2,1
393,Agent1,0
394,Agent2,1
394,Agent1,0
395,Agent2,1
395,Agent1,0
396,Agent2,1
396,Agent1,0
397,Agent2,1
397,Agent1,0
398,Agent2,1
398,Agent1,0
399,Agent2,1
399,Agent1,0
400,Agent2,1
400,Agent1,0
401,Agent2,1
401,Agent1,0
402,Agent2,1
402,Agent1,0
403,Agent2,1
403,Agent1,0
404,Agent2,1
404,Agent1,0
405,Agent2,1
405,Agent1,0
406,Agent2,1
406,Agent1,0
407,Agent2,1
407,Agent1,0
408,Agent2,1
408,Agent1,0
409,Agent2,1
409,Agent1,0
410,Agent2,1
410,Agent1,0
411,Agent2,1
411,Agent1,0
412,Agent2,1
412,Agent1,0
413,Agent2,1
413,Agent1,0
414,Agent2,1
414,Agent1,0
415,Agent2,1
415,Agent1,0
416,Agent2,1
416,Agent1,0
417,Agent2,1
417,Agent1,0
418,Agent2,1
418,Agent1,0
419,Agent2,1
419,Agent1,0
420,Agent2,1
420,Agent1,0
421,Agent2,1
421,Agent1,0
422,Agent2,1
422,Agent1,0
423,Agent2,1
423,Agent1,0
424,Agent2,1
424,Agent1,0
425,Agent2,1
425,Agent1,0
426,Agent2,1
426,Agent1,0
427,Agent2,1
427,Agent1,0
428,Agent2,1
428,Agent1,0
429,Agent2,1
429,Agent1,0
430,Agent2,1
430,Agent1,0
431,Agent2,1
431,Agent1,0
432,Agent2,1
432,Agent1,0
433,Agent2,1
433,Agent1,0
434,Agent2,1
434,Agent1,0
435,Agent2,1
435,Agent1,0
436,Agent2,1
436,Agent1,0
437,Agent2,1
437,Agent1,0
438,Agent2,1
438,Agent1,0
439,Agent2,1
439,Agent1,0
440,Agent2,1
440,Agent1,0
441,Agent2,1
441,Agent1,0
442,Agent2,1
442,Agent1,0
443,Agent2,1
443,Agent1,0
444,Agent2,1
444,Agent1,0
445,Agent2,1
445,Agent1,0
446,Agent2,1
446,Agent1,0
447,Agent2,1
447,Agent1,0
448,Agent2,1
448,Agent1,0
449,Agent2,1
449,Agent1,0
450,Agent2,1
450,Agent1,0
451,Agent2,1
451,Agent1,0
452,Agent2,1
452,Agent1,0
453,Agent2,1
453,Agent1,0
454,Agent2,1
454,Agent1,0
455,Agent2,1
455,Agent1,0
456,Agent2,1
456,Agent1,0
457,Agent2,1
457,Agent1,0
458,Agent2,1
458,Agent1,0
459,Agent2,1
459,Agent1,0
460,Agent2,1
460,Agent1,0
461,Agent2,1
461,Agent1,0
462,Agent2,1
462,Agent1,0
463,Agent2,1
463,Agent1,0
464,Agent2,1
464,Agent1,0
465,Agent2,1
465,Agent1,0
466,Agent2,1
466,Agent1,0
467,Agent2,1
467,Agent1,0
468,Agent2,1
468,Agent1,0
469,Agent2,1
469,Agent1,0
470,Agent2,1
470,Agent1,0
471,Agent2,1
471,Agent1,0
472,Agent2,1
472,Agent1,0
473,Agent2,1
473,Agent1,0
474,Agent2,1
474,Agent1,0
475,Agent2,1
475,Agent1,0
476,Agent2,1
476,Agent1,0
477,Agent2,1
477,Agent1,0
478,Agent2,1
478,Agent1,0
479,Agent2,1
479,Agent1,0
480,Agent2,1
480,Agent1,0
481,Agent2,1
481,Agent1,0
482,Agent2,1
482,Agent1,0
483,Agent2,1
483,Agent1,0
484,Agent2,1
484,Agent1,0
485,Agent2,1
485,Agent1,0
486,Agent2,1
486,Agent1,0
487,Agent2,1
487,Agent1,0
488,Agent2,1
488,Agent1,0
489,Agent2,1
489,Agent1,0
490,Agent2,1
490,Agent1,0
491,Agent2,1
491,Agent1,0
492,Agent2,1
492,Agent1,0
493,Agent2,1
493,Agent1,0
494,Agent2,1
494,Agent1,0
495,Agent2,1
495,Agent1,0
496,Agent2,1
496,Agent1,0
497,Agent2,1
497,Agent1,0
498,Agent2,1
498,Agent1,0
499,Agent2,1
499,Agent1,0
500,Agent2,1
500,Agent1,0
501,Agent2,1
501,Agent1,0
502,Agent2,1
502,Agent1,0
503,Agent2,1
503,Agent1,0
504,Agent2,1
504,Agent1,0
505,Agent2,1
505,Agent1,0
506,Agent2,1
506,Agent1,0
507,Agent2,1
507,Agent1,0
508,Agent2,1
508,Agent1,0
509,Agent2,1
509,Agent1,0
510,Agent2,1
510,Agent1,0
511,Agent2,1
511,Agent1,0
512,Agent2,1
512,Agent1,0
513,Agent2,1
513,Agent1,0
514,Agent2,1
514,Agent1,0
515,Agent2,1
515,Agent1,0
516,Agent2,1
516,Agent1,0
517,Agent2,1
517,Agent1,0
518,Agent2,1
518,Agent1,0
519,Agent2,1
519,Agent1,0
520,Agent2,1
520,Agent1,0
521,Agent2,1
521,Agent1,0
522,Agent2,1
522,Agent1,0
523,Agent2,1
523,Agent1,0
524,Agent2,1
524,Agent1,0
525,Agent2,1
525,Agent1,0
526,Agent2,1
526,Agent1,0
527,Agent2,1
527,Agent1,0
528,Agent2,1
528,Agent1,0
529,Agent2,1
529,Agent1,0
530,Agent2,1
530,Agent1,0
531,Agent2,1
531,Agent1,0
532,Agent2,1
532,Agent1,0
533,Agent2,1
533,Agent1,0
534,Agent2,1
534,Agent1,0
535,Agent2,1
535,Agent1,0
536,Agent2,1
536,Agent1,0
537,Agent2,1
537,Agent1,0
538,Agent2,1
538,Agent1,0
539,Agent2,1
539,Agent1,0
540,Agent2,1
540,Agent1,0
541,Agent2,1
541,Agent1,0
542,Agent2,1
542,Agent1,0
543,Agent2,1
543,Agent1,0
544,Agent2,1
544,Agent1,0
545,Agent2,1
545,Agent1,0
546,Agent2,1
546,Agent1,0
547,Agent2,1
547,Agent1,0
548,Agent2,1
548,Agent1,0
549,Agent2,1
549,Agent1,0
550,Agent2,1
550,Agent1,0
551,Agent2,1
551,Agent1,0
552,Agent2,1
552,Agent1,0
553,Agent2,1
553,Agent1,0
554,Agent2,1
554,Agent1,0
555,Agent2,1
555,Agent1,0
556,Agent2,1
556,Agent1,0
557,Agent2,1
557,Agent1,0
558,Agent2,1
558,Agent1,0
559,Agent2,1
559,Agent1,0
560,Agent2,1
560,Agent1,0
561,Agent2,1
561,Agent1,0
562,Agent2,1
562,Agent1,0
563,Agent2,1
563,Agent1,0
564,Agent2,1
564,Agent1,0
565,Agent2,1
565,Agent1,0
566,Agent2,1
566,Agent1,0
567,Agent2,1
567,Agent1,0
568,Agent2,1
568,Agent1,0
569,Agent2,1
569,Agent1,0
570,Agent2,1
570,Agent1,0
571,Agent2,1
571,Agent1,0
572,Agent2,1
572,Agent1,0
573,Agent2,1
573,Agent1,0
574,Agent2,1
574,Agent1,0
575,Agent2,1
575,Agent1,0
576,Agent2,1
576,Agent1,0
577,Agent2,1
577,Agent1,0
578,Agent2,1
578,Agent1,0
579,Agent2,1
579,Agent1,0
580,Agent2,1
580,Agent1,0
581,Agent2,1
581,Agent1,0
582,Agent2,1
582,Agent1,0
583,Agent2,1
583,Agent1,0
584,Agent2,1
584,Agent1,0
585,Agent2,1
585,Agent1,0
586,Agent2,1
586,Agent1,0
587,Agent2,1
587,Agent1,0
588,Agent2,1
588,Agent1,0
589,Agent2,1
589,Agent1,0
590,Agent2,1
590,Agent1,0
591,Agent2,1
591,Agent1,0
592,Agent2,1
592,Agent1,0
593,Agent2,1
593,Agent1,0
594,Agent2,1
594,Agent1,0
595,Agent2,1
595,Agent1,0
596,Agent2,1
596,Agent1,0
597,Agent2,1
597,Agent1,0
598,Agent2,1
598,Agent1,0
599,Agent2,1
599,Agent1,0
600,Agent2,1
600,Agent1,0
601,Agent2,1
601,Agent1,0
602,Agent2,1
602,Agent1,0
603,Agent2,1
603,Agent1,0
604,Agent2,1
604,Agent1,0
605,Agent2,1
605,Agent1,0
606,Agent2,1
606,Agent1,0
607,Agent2,1
607,Agent1,0
608,Agent2,1
608,Agent1,0
609,Agent2,1
609,Agent1,0
610,Agent2,1
610,Agent1,0
611,Agent2,1
611,Agent1,0
612,Agent2,1
612,Agent1,0
613,Agent2,1
613,Agent1,0
614,Agent2,1
614,Agent1,0
615,Agent2,1
615,Agent1,0
616,Agent2,1
616,Agent1,0
617,Agent2,1
617,Agent1,0
618,Agent2,1
618,Agent1,0
619,Agent2,1
619,Agent1,0
620,Agent2,1
620,Agent1,0
621,Agent2,1
621,Agent1,0
622,Agent2,1
622,Agent1,0
623,Agent2,1
623,Agent1,0
624,Agent2,1
624,Agent1,0
625,Agent2,1
625,Agent1,0
626,Agent2,1
626,Agent1,0
627,Agent2,1
627,Agent1,0
628,Agent2,1
628,Agent1,0
629,Agent2,1
629,Agent1,0
630,Agent2,1
630,Agent1,0
631,Agent2,1
631,Agent1,0
632,Agent2,1
632,Agent1,0
633,Agent2,1
633,Agent1,0
634,Agent2,1
634,Agent1,0
635,Agent2,1
635,Agent1,0
636,Agent2,1
636,Agent1,0
637,Agent2,1
637,Agent1,0
638,Agent2,1
638,Agent1,0
639,Agent2,1
639,Agent1,0
640,Agent2,1
640,Agent1,0
641,Agent2,1
641,Agent1,0
642,Agent2,1
642,Agent1,0
643,Agent2,1
643,Agent1,0
644,Agent2,1
644,Agent1,0
645,Agent2,1
645,Agent1,0
646,Agent2,1
646,Agent1,0
647,Agent2,1
647,Agent1,0
648,Agent2,1
648,Agent1,0
649,Agent2,1
649,Agent1,0
650,Agent2,1
650,Agent1,0
651,Agent2,1
651,Agent1,0
652,Agent2,1
652,Agent1,0
653,Agent2,1
653,Agent1,0
654,Agent2,1
654,Agent1,0
655,Agent2,1
655,Agent1,0
656,Agent2,1
656,Agent1,0
657,Agent2,1
657,Agent1,0
658,Agent2,1
658,Agent1,0
659,Agent2,1
659,Agent1,0
660,Agent2,1
660,Agent1,0
661,Agent2,1
661,Agent1,0
662,Agent2,1
662,Agent1,0
663,Agent2,1
663,Agent1,0
664,Agent2,1
664,Agent1,0
665,Agent2,1
665,Agent1,0
666,Agent2,1
666,Agent1,0
667,Agent2,0
667,Agent1,0
668,Agent2,0
668,Agent1,0
669,Agent2,0
669,Agent1,0
670,Agent2,0
670,Agent1,0
671,Agent2,0
671,Agent1,0
672,Agent2,0
672,Agent1,0
673,Agent2,0
673,Agent1,0
674,Agent2,0
674,Agent1,0
675,Agent2,0
675,Agent1,0
676,Agent2,0
676,Agent1,0
677,Agent2,0
677,Agent1,0
678,Agent2,0
678,Agent1,0
679,Agent2,0
679,Agent1,0
680,Agent2,0
680,Agent1,0
681,Agent2,0
681,Agent1,0
682,Agent2,0
682,Agent1,0
683,Agent2,0
683,Agent1,0
684,Agent2,0
684,Agent1,0
685,Agent2,0
685,Agent1,0
686,Agent2,0
686,Agent1,0
687,Agent2,0
687,Agent1,0
688,Agent2,0
688,Agent1,0
689,Agent2,0
689,Agent1,0
690,Agent2,0
690,Agent1,0
691,Agent2,0
691,Agent1,0
692,Agent2,0
692,Agent1,0
693,Agent2,0
693,Agent1,0
694,Agent2,0
694,Agent1,0
695,Agent2,0
695,Agent1,0
696,Agent2,0
696,Agent1,0
697,Agent2,0
697,Agent1,0
698,Agent2,0
698,Agent1,0
699,Agent2,0
699,Agent1,0
700,Agent2,0
700,Agent1,0
701,Agent2,0
701,Agent1,0
702,Agent2,0
702,Agent1,0
703,Agent2,0
703,Agent1,0
704,Agent2,0
704,Agent1,0
705,Agent2,0
705,Agent1,0
706,Agent2,0
706,Agent1,0
707,Agent2,0
707,Agent1,0
708,Agent2,0
708,Agent1,0
709,Agent2,0
709,Agent1,0
710,Agent2,0
710,Agent1,0
711,Agent2,0
711,Agent1,0
712,Agent2,0
712,Agent1,0
713,Agent2,0
713,Agent1,0
714,Agent2,0
714,Agent1,0
715,Agent2,0
715,Agent1,0
716,Agent2,0
716,Agent1,0
717,Agent2,0
717,Agent1,0
718,Agent2,0
718,Agent1,0
719,Agent2,0
719,Agent1,0
720,Agent2,0
720,Agent1,0
721,Agent2,0
721,Agent1,0
722,Agent2,0
722,Agent1,0
723,Agent2,0
723,Agent1,0
724,Agent2,0
724,Agent1,0
725,Agent2,0
725,Agent1,0
726,Agent2,0
726,Agent1,0
727,Agent2,0
727,Agent1,0
728,Agent2,0
728,Agent1,0
729,Agent2,0
729,Agent1,0
730,Agent2,0
730,Agent1,0
731,Agent2,0
731,Agent1,0
732,Agent2,0
732,Agent1,0
733,Agent2,0
733,Agent1,0
734,Agent2,0
734,Agent1,0
735,Agent2,0
735,Agent1,0
736,Agent2,0
736,Agent1,0
737,Agent2,0
737,Agent1,0
738,Agent2,0
738,Agent1,0
739,Agent2,0
739,Agent1,0
740,Agent2,0
740,Agent1,0
741,Agent2,0
741,Agent1,0
742,Agent2,0
742,Agent1,0
743,Agent2,0
743,Agent1,0
744,Agent2,0
744,Agent1,0
745,Agent2,0
745,Agent1,0
746,Agent2,0
746,Agent1,0
747,Agent2,0
747,Agent1,0
748,Agent2,0
748,Agent1,0
749,Agent2,0
749,Agent1,0
750,Agent2,0
750,Agent1,0
751,Agent2,0
751,Agent1,0
752,Agent2,0
752,Agent1,0
753,Agent2,0
753,Agent1,0
754,Agent2,0
754,Agent1,0
755,Agent2,0
755,Agent1,0
756,Agent2,0
756,Agent1,0
757,Agent2,0
757,Agent1,0
758,Agent2,0
758,Agent1,0
759,Agent2,0
759,Agent1,0
760,Agent2,0
760,Agent1,0
761,Agent2,0
761,Agent1,0
762,Agent2,0
762,Agent1,0
763,Agent2,0
763,Agent1,0
764,Agent2,0
764,Agent1,0
765,Agent2,0
765,Agent1,0
766,Agent2,0
766,Agent1,0
767,Agent2,0
767,Agent1,0
768,Agent2,0
768,Agent1,0
769,Agent2,0
769,Agent1,0
770,Agent2,0
770,Agent1,0
771,Agent2,0
771,Agent1,0
772,Agent2,0
772,Agent1,0
773,Agent2,0
773,Agent1,0
774,Agent2,0
774,Agent1,0
775,Agent2,0
775,Agent1,0
776,Agent2,0
776,Agent1,0
777,Agent2,0
777,Agent1,0
778,Agent2,0
778,Agent1,0
779,Agent2,0
779,Agent1,0
780,Agent2,0
780,Agent1,0
781,Agent2,0
781,Agent1,0
782,Agent2,0
782,Agent1,0
783,Agent2,0
783,Agent1,0
784,Agent2,0
784,Agent1,0
785,Agent2,0
785,Agent1,0
786,Agent2,0
786,Agent1,0
787,Agent2,0
787,Agent1,0
788,Agent2,0
788,Agent1,0
789,Agent2,0
789,Agent1,0
790,Agent2,0
790,Agent1,0
791,Agent2,0
791,Agent1,0
792,Agent2,0
792,Agent1,0
793,Agent2,0
793,Agent1,0
794,Agent2,0
794,Agent1,0
795,Agent2,0
795,Agent1,0
796,Agent2,0
796,Agent1,0
797,Agent2,0
797,Agent1,0
798,Agent2,0
798,Agent1,0
799,Agent2,0
799,Agent1,0
800,Agent2,0
800,Agent1,0
801,Agent2,0
801,Agent1,0
802,Agent2,0
802,Agent1,0
803,Agent2,0
803,Agent1,0
804,Agent2,0
804,Agent1,0
805,Agent2,0
805,Agent1,0
806,Agent2,0
806,Agent1,0
807,Agent2,0
807,Agent1,0
808,Agent2,0
808,Agent1,0
809,Agent2,0
809,Agent1,0
810,Agent2,0
810,Agent1,0
811,Agent2,0
811,Agent1,0
812,Agent2,0
812,Agent1,0
813,Agent2,0
813,Agent1,0
814,Agent2,0
814,Agent1,0
815,Agent2,0
815,Agent1,0
816,Agent2,0
816,Agent1,0
817,Agent2,0
817,Agent1,0
818,Agent2,0
818,Agent1,0
819,Agent2,0
819,Agent1,0
820,Agent2,0
820,Agent1,0
821,Agent2,0
821,Agent1,0
822,Agent2,0
822,Agent1,0
823,Agent2,0
823,Agent1,0
824,Agent2,0
824,Agent1,0
825,Agent2,0
825,Agent1,0
826,Agent2,0
826,Agent1,0
827,Agent2,0
827,Agent1,0
828,Agent2,0
828,Agent1,0
829,Agent2,0
829,Agent1,0
830,Agent2,0
830,Agent1,0
831,Agent2,0
831,Agent1,0
832,Agent2,0
832,Agent1,0
833,Agent2,0
833,Agent1,0
834,Agent2,0
834,Agent1,0
835,Agent2,0
835,Agent1,0
836,Agent2,0
836,Agent1,0
837,Agent2,0
837,Agent1,0
838,Agent2,0
838,Agent1,0
839,Agent2,0
839,Agent1,0
840,Agent2,0
840,Agent1,0
841,Agent2,0
841,Agent1,0
842,Agent2,0
842,Agent1,0
843,Agent2,0
843,Agent1,0
844,Agent2,0
844,Agent1,0
845,Agent2,0
845,Agent1,0
846,Agent2,0
846,Agent1,0
847,Agent2,0
847,Agent1,0
848,Agent2,0
848,Agent1,0
849,Agent2,0
849,Agent1,0
850,Agent2,0
850,Agent1,0
851,Agent2,0
851,Agent1,0
852,Agent2,0
852,Agent1,0
853,Agent2,0
853,Agent1,0
854,Agent2,0
854,Agent1,0
855,Agent2,0
855,Agent1,0
856,Agent2,0
856,Agent1,0
857,Agent2,0
857,Agent1,0
858,Agent2,0
858,Agent1,0
859,Agent2,0
859,Agent1,0
860,Agent2,0
860,Agent1,0
861,Agent2,0
861,Agent1,0
862,Agent2,0
862,Agent1,0
863,Agent2,0
863,Agent1,0
864,Agent2,0
864,Agent1,0
865,Agent2,0
865,Agent1,0
866,Agent2,0
866,Agent1,0
867,Agent2,0
867,Agent1,0
868,Agent2,0
868,Agent1,0
869,Agent2,0
869,Agent1,0
870,Agent2,0
870,Agent1,0
871,Agent2,0
871,Agent1,0
872,Agent2,0
872,Agent1,0
873,Agent2,0
873,Agent1,0
874,Agent2,0
874,Agent1,0
875,Agent2,0
875,Agent1,0
876,Agent2,0
876,Agent1,0
877,Agent2,0
877,Agent1,0
878,Agent2,0
878,Agent1,0
879,Agent2,0
879,Agent1,0
880,Agent2,0
880,Agent1,0
881,Agent2,0
881,Agent1,0
882,Agent2,0
882,Agent1,0
883,Agent2,0
883,Agent1,0
884,Agent2,0
884,Agent1,0
885,Agent2,0
885,Agent1,0
886,Agent2,0
886,Agent1,0
887,Agent2,0
887,Agent1,0
888,Agent2,0
888,Agent1,0
889,Agent2,0
889,Agent1,0
890,Agent2,0
890,Agent1,0
891,Agent2,0
891,Agent1,0
892,Agent2,0
892,Agent1,0
893,Agent2,0
893,Agent1,0
894,Agent2,0
894,Agent1,0
895,Agent2,0
895,Agent1,0
896,Agent2,0
896,Agent1,0
897,Agent2,0
897,Agent1,0
898,Agent2,0
898,Agent1,0
899,Agent2,0
899,Agent1,0
900,Agent2,0
900,Agent1,0
901,Agent2,0
901,Agent1,0
902,Agent2,0
902,Agent1,0
903,Agent2,0
903,Agent1,0
904,Agent2,0
904,Agent1,0
905,Agent2,0
905,Agent1,0
906,Agent2,0
906,Agent1,0
907,Agent2,0
907,Agent1,0
908,Agent2,0
908,Agent1,0
909,Agent2,0
909,Agent1,0
910,Agent2,0
910,Agent1,0
911,Agent2,0
911,Agent1,0
912,Agent2,0
912,Agent1,0
913,Agent2,0
913,Agent1,0
914,Agent2,0
914,Agent1,0
915,Agent2,0
915,Agent1,0
916,Agent2,0
916,Agent1,0
917,Agent2,0
917,Agent1,0
918,Agent2,0
918,Agent1,0
919,Agent2,0
919,Agent1,0
920,Agent2,0
920,Agent1,0
921,Agent2,0
921,Agent1,0
922,Agent2,0
922,Agent1,0
923,Agent2,0
923,Agent1,0
924,Agent2,0
924,Agent1,0
925,Agent2,0
925,Agent1,0
926,Agent2,0
926,Agent1,0
927,Agent2,0
927,Agent1,0
928,Agent2,0
928,Agent1,0
929,Agent2,0
929,Agent1,0
930,Agent2,0
930,Agent1,0
931,Agent2,0
931,Agent1,0
932,Agent2,0
932,Agent1,0
933,Agent2,0
933,Agent1,0
934,Agent2,0
934,Agent1,0
935,Agent2,0
935,Agent1,0
936,Agent2,0
936,Agent1,0
937,Agent2,0
937,Agent1,0
938,Agent2,0
938,Agent1,0
939,Agent2,0
939,Agent1,0
940,Agent2,0
940,Agent1,0
941,Agent2,0
941,Agent1,0
942,Agent2,0
942,Agent1,0
943,Agent2,0
943,Agent1,0
944,Agent2,0
944,Agent1,0
945,Agent2,0
945,Agent1,0
946,Agent2,0
946,Agent1,0
947,Agent2,0
947,Agent1,0
948,Agent2,0
948,Agent1,0
949,Agent2,0
949,Agent1,0
950,Agent2,0
950,Agent1,0
951,Agent2,0
951,Agent1,0
952,Agent2,0
952,Agent1,0
953,Agent2,0
953,Agent1,0
954,Agent2,0
954,Agent1,0
955,Agent2,0
955,Agent1,0
956,Agent2,0
956,Agent1,0
957,Agent2,0
957,Agent1,0
958,Agent2,0
958,Agent1,0
959,Agent2,0
959,Agent1,0
960,Agent2,0
960,Agent1,0
961,Agent2,0
961,Agent1,0
962,Agent2,0
962,Agent1,0
963,Agent2,0
963,Agent1,0
964,Agent2,0
964,Agent1,0
965,Agent2,0
965,Agent1,0
966,Agent2,0
966,Agent1,0
967,Agent2,0
967,Agent1,0
968,Agent2,0
968,Agent1,0
969,Agent2,0
969,Agent1,0
970,Agent2,0
970,Agent1,0
971,Agent2,0
971,Agent1,0
972,Agent2,0
972,Agent1,0
973,Agent2,0
973,Agent1,0
974,Agent2,0
974,Agent1,0
975,Agent2,0
975,Agent1,0
976,Agent2,0
976,Agent1,0
977,Agent2,0
977,Agent1,0
978,Agent2,0
978,Agent1,0
979,Agent2,0
979,Agent1,0
980,Agent2,0
980,Agent1,0
981,Agent2,0
981,Agent1,0
982,Agent2,0
982,Agent1,0
983,Agent2,0
983,Agent1,0
984,Agent2,0
984,Agent1,0
985,Agent2,0
985,Agent1,0
986,Agent2,0
986,Agent1,0
987,Agent2,0
987,Agent1,0
988,Agent2,0
988,Agent1,0
989,Agent2,0
989,Agent1,0
990,Agent2,0
990,Agent1,0
991,Agent2,0
991,Agent1,0
992,Agent2,0
992,Agent1,0
993,Agent2,0
993,Agent1,0
994,Agent2,0
994,Agent1,0
995,Agent2,0
995,Agent1,0
996,Agent2,0
996,Agent1,0
997,Agent2,0
997,Agent1,0
998,Agent2,0
998,Agent1,0
999,Agent2,0
999,Agent1,0
1000,Agent2,0
1000,Agent1,0
